Algoritmo,Desempenho,Nós Explorados,Nós Expandidos,Tempo (s)
BFS,4.8772138236419655,12348,12347,0.0612933998927474
DFS,7.337690638417066,8036,8035,0.03235509991645813
UCS,4.876583083291068,12348,12347,0.06279970007017255
Greedy BFS,15.410981019412196,3528,3527,0.026483599795028567
A* (w=2.0),8.884140253402418,6512,6511,0.03731549996882677
